Id,Label,type1,type2,author,main_author,title,publicationtitle,date,date_num,pages,issue,publisher,place,country,url,pageranks,indegree,outdegree,degree
adamPetitBottinLettres1886a,adamPetitBottinLettres1886a,Livre,Ouvrage,"Adam, Paul; Méténier, Oscar; Moréas, Jean; Fénéon, Félix","Adam, Paul",Petit Bottin des lettres et des arts (2e édition),,1886-02-22,662,,,Giraud,Paris,France,https://gallica.bnf.fr/ark:/12148/bpt6k1512329s,0.004839,1,0,1
adamPresseSymbolisme1886,adamPresseSymbolisme1886,Hebdomadaire,Petite presse,"Adam, Paul","Adam, Paul",La Presse et le Symbolisme,Le Symboliste,1886-10-07,889,1-2,1,,,France,https://gallica.bnf.fr/ark:/12148/bpt6k122664n?rk=21459;2,0.004881,4,6,10
adamSymbolisme1886,adamSymbolisme1886,Hebdomadaire,Petite presse,"Adam, Paul","Adam, Paul",Le Symbolisme,La Vogue,1886-10-04,886,397-401,12,,,France,http://www.lyriktheorie.uni-wuppertal.de/scans2/1886_adam2.pdf,0.002616,0,5,5
aJeanRichepin1886,aJeanRichepin1886,Quotidien,Grande presse,"H, A.","H, A.",M. Jean Richepin,Journal des Débats politiques et littéraires,1886-01-24,633,2,,,,France,https://www.retronews.fr/journal/journal-des-debats-politiques-et-litteraires/24-janvier-1886/134/368117/2,0.002616,0,0,0
areneDecadents1885,areneDecadents1885,Quotidien,Grande presse,"Arène, Paul","Arène, Paul",Les Décadents,Gil Blas,1885-05-17,381,1-2,,,,France,https://www.retronews.fr/journal/gil-blas/17-mai-1885/121/255443/1,0.004265,3,2,5
arsenalPourSymboliques1885,arsenalPourSymboliques1885,Hebdomadaire,Petite presse,"Arsenal, Étienne","Arsenal, Étienne",Pour les Symboliques,Lutèce,1885-02-01,276,[2],158,,,France,https://babel.hathitrust.org/cgi/pt?id=mdp.39015022181161&seq=477,0.002616,0,0,0
bajuChefsEcole1886,bajuChefsEcole1886,Bimensuel,Petite presse,"Baju, Anatole","Baju, Anatole",Les Chefs d'École,Le Décadent,1886-11-06,919,1,31,,,France,https://www.retronews.fr/journal/le-decadent-litteraire-artistique/6-novembre-1886/1257/4212087/1,0.002616,0,0,0
bajuDecadent1886,bajuDecadent1886,Bimensuel,Petite presse,"Baju, Anatole","Baju, Anatole",Le Décadent,Le Décadent,1886-10-02,884,1,26,,,France,https://www.retronews.fr/journal/le-decadent-litteraire-artistique/2-octobre-1886/1257/4212115/1,0.002616,0,2,2
bajuDecadisme1886,bajuDecadisme1886,Bimensuel,Petite presse,"Baju, Anatole","Baju, Anatole",Décadisme,Le Décadent,1886-09-04,856,[2],23,,,France,https://www.retronews.fr/journal/le-decadent-litteraire-artistique/4-septembre-1886/1257/4212125/2,0.007393,2,1,3
bajuEcoleDecadente1886,bajuEcoleDecadente1886,Bimensuel,Petite presse,"Baju, Anatole","Baju, Anatole",L'école décadente,Le Décadent,1886-09-18,870,[1],24,,,France,https://www.retronews.fr/journal/le-decadent-litteraire-artistique/18-septembre-1886/1257/4212119/1,0.011957,3,2,5
bajuEpicerie1886,bajuEpicerie1886,Bimensuel,Petite presse,"Baju, Anatole","Baju, Anatole",Épicerie,Le Décadent,1886-07-10,800,2,14,,,France,https://www.retronews.fr/journal/le-decadent-litteraire-artistique/10-juillet-1886/1257/4212061/2,0.004664,3,1,4
bajuJournauxRevues1886,bajuJournauxRevues1886,Bimensuel,Petite presse,"Baju, Anatole","Baju, Anatole",Journaux & revues,Le Décadent,1886-10-09,891,3,27,,,France,https://www.retronews.fr/journal/le-decadent-litteraire-artistique/9-octobre-1886/1257/4212107/3,0.004839,1,4,5
bajuJournauxRevues1886a,bajuJournauxRevues1886a,Bimensuel,Petite presse,"Baju, Anatole","Baju, Anatole",Journaux & revues,Le Décadent,1886-10-02,884,3,26,,,France,https://www.retronews.fr/journal/le-decadent-litteraire-artistique/2-octobre-1886/1257/4212115/1,0.00393,2,3,5
bajuQuintessence1886,bajuQuintessence1886,Bimensuel,Petite presse,"Baju, Anatole","Baju, Anatole",Quintessence,Le Décadent,1886-09-11,863,[1],23,,,France,https://www.retronews.fr/journal/le-decadent-litteraire-artistique/11-septembre-1886/1257/4212121/1,0.012111,6,1,7
bajuRevueJournaux1886,bajuRevueJournaux1886,Bimensuel,Petite presse,"Baju, Anatole","Baju, Anatole",Revue des journaux,Le Décadent,1886-09-25,877,[2-3],23,,,France,https://www.retronews.fr/journal/le-decadent-litteraire-artistique/25-septembre-1886/1257/4212113/2,0.002616,0,6,6
bajuTraiteVerbe1886,bajuTraiteVerbe1886,Bimensuel,Petite presse,"Baju, Anatole","Baju, Anatole",Le Traité du Verbe,Le Décadent,1886-09-11,863,[1],23,,,France,https://www.retronews.fr/journal/le-decadent-litteraire-artistique/11-septembre-1886/1257/4212121/1,0.003889,1,1,2
barresChroniqueParisienne1885,barresChroniqueParisienne1885,Hebdomadaire,Presse intermédiaire,"Barrès, Maurice","Barrès, Maurice",Chronique parisienne,La Vie Moderne,1885-08-08,464,519,32,,,France,https://www.retronews.fr/journal/la-vie-moderne/8-aout-1885/2083/3716613/3,0.004515,3,1,4
barresEsthetiqueDemainArt1885,barresEsthetiqueDemainArt1885,Bimensuel,Petite presse,"Barrès, Maurice","Barrès, Maurice",L'esthétique de demain: L'art suggestif,De Nieuwe Gids,1885-10-01,518,140-149,,,,Pays-Bas,http://www.lyriktheorie.uni-wuppertal.de/scans2/1885_barres1.pdf,0.003728,1,4,5
barresProposRosaMystica1885,barresProposRosaMystica1885,Mensuel,Petite presse,"Barrès, Maurice","Barrès, Maurice","À propos de ""Rosa Mystica"". Causerie fantaisiste",La Minerve,1885-06-25,420,605-610,6,,,France,http://www.lyriktheorie.uni-wuppertal.de/texte/1885_barres2.html,0.002616,0,1,1
barresSensationLitteratureFolie1884,barresSensationLitteratureFolie1884,Mensuel,Petite presse,"Barrès, Maurice","Barrès, Maurice","La sensation en littérature. La folie de Charles Baudelaire (Baudelaire, Verlaine, Mallarmé, Rollinat, des Esseintes)",Les Taches d'encre,1884-11-05,188,3-26,1,,,France,https://gallica.bnf.fr/ark:/12148/bpt6k1070594w/f17.item,0.012192,3,1,4
bartEcoleDecadente1886,bartEcoleDecadente1886,Quotidien,Grande presse,"Bart, Paul de","Bart, Paul de",L'école décadente,L’Événement,1886-10-03,885,1,,,,France,https://www.retronews.fr/journal/l-evenement-1872-1956/3-octobre-1886/1787/3142727/1,0.003846,2,2,4
Bienportants1885,Bienportants1885,Hebdomadaire,Petite presse,,,Les bien-portants,L'Art Moderne,1885-09-06,493,286-288,36,,,Belgique,http://digitheque.ulb.ac.be/fr/digitheque-revues-litteraires-belges/periodiques-numerises/index.html\#c11373,0.002838,1,0,1
BienportantsSuite1885,BienportantsSuite1885,Hebdomadaire,Petite presse,,,Les bien-portants [suite],L'Art Moderne,1885-09-20,507,301-304,38,,,Belgique,http://digitheque.ulb.ac.be/fr/digitheque-revues-litteraires-belges/periodiques-numerises/index.html\#c11373,0.002838,1,0,1
blemontDeliquescencesParAdore1885,blemontDeliquescencesParAdore1885,Mensuel,Presse intermédiaire,"Blémont, Emile","Blémont, Emile","Les Déliquescences par Adoré Floupette, Poètes décadent, Lion Vanné, Byzance, 1885",Le Monde poétique,1885-06-01,396,284-285,,,,France,http://www.lyriktheorie.uni-wuppertal.de/scans2/1885_blemont1.pdf,0.002616,0,3,3
boucheronLouiseMichelDecadente1886,boucheronLouiseMichelDecadente1886,Quotidien,Grande presse,"Boucheron, Maxime","Boucheron, Maxime",Louise Michel décadente,L'Echo de Paris,1886-10-22,904,1-2,,,,France,https://www.retronews.fr/journal/l-echo-de-paris-1884-1938/22-octobre-1886/120/616299/1,0.002894,1,0,1
bourdeCourrierLitterairePoetes1885,bourdeCourrierLitterairePoetes1885,Quotidien,Grande presse,"Bourde, Paul","Bourde, Paul",Courrier littéraire: Les poètes décadents,Le Temps,1885-08-06,462,3,,,,France,https://www.retronews.fr/journal/le-temps/6-aout-1885/123/362233/3,0.027063,14,3,17
bourgetEtudesPortraitsPoesie1885,bourgetEtudesPortraitsPoesie1885,Quotidien,Grande presse,"Bourget, Paul","Bourget, Paul",Études et portraits: Poésie anglaise contemporaine,Journal des Débats politiques et littéraires,1885-04-14,348,3,,,,France,https://www.retronews.fr/journal/journal-des-debats-politiques-et-litteraires/14-avril-1885/134/719455/3,0.007804,3,2,5
bourgetPoesieContemporaine1885,bourgetPoesieContemporaine1885,Hebdomadaire,Petite presse,"Bourget, Paul","Bourget, Paul",La poésie contemporaine,Lutèce,1885-04-19,353,[1],169,,,France,https://hdl.handle.net/2027/mdp.39015022181161?urlappend=%3Bseq=519%3Bownerid=43267981-525,0.002616,0,1,1
cazeJeunesPoetes1885,cazeJeunesPoetes1885,Quotidien,Grande presse,"Caze, Robert","Caze, Robert",Les jeunes Poètes,Le Voltaire,1885-08-18,474,1,,,,France,https://www.retronews.fr/journal/le-voltaire/18-aout-1885/2273/3639947/1,0.002616,0,3,3
cazePoetesModernes1885,cazePoetesModernes1885,Quotidien,Grande presse,"Caze, Robert","Caze, Robert",Les Poètes Modernes,Le Voltaire,1885-08-15,471,1-2,,,,France,https://www.retronews.fr/journal/le-voltaire/15-aout-1885/2273/3639983/1,0.003061,1,2,3
champsaurApresVieEcoliers1886,champsaurApresVieEcoliers1886,Quotidien,Grande presse,"Champsaur, Félicien","Champsaur, Félicien",D'après la vie. Les écoliers limousins,L’Événement,1886-10-08,890,1,,,,France,https://www.retronews.fr/journal/l-evenement-1872-1956/8-octobre-1886/1787/3142705/1,0.002616,0,2,2
champsaurPoetesDecadenticulets1885,champsaurPoetesDecadenticulets1885,Hebdomadaire,Grande presse,"Champsaur, Félicien","Champsaur, Félicien",Poètes décadenticulets,Le Figaro. Supplément littéraire,1885-10-03,520,158,,,,France,https://www.retronews.fr/journal/le-figaro-supplement-litteraire-du-dimanche/3-octobre-1885/105/983211/2,0.002616,0,3,3
ChezEditeurTresse1886,ChezEditeurTresse1886,Hebdomadaire,Presse intermédiaire,,,Chez l'éditeur [Tresse et Stock],La Vie Moderne,1886-08-14,835,524-525,33,,,France,https://www.retronews.fr/journal/la-vie-moderne/14-aout-1886/2083/3715987/11,0.002616,0,1,1
chincholleRevolutionnairesDecadents1886,chincholleRevolutionnairesDecadents1886,Quotidien,Grande presse,"Chincholle, C.","Chincholle, C.",Révolutionnaires et Décadents,Le Figaro,1886-10-21,903,2,,,,France,https://www.retronews.fr/journal/le-figaro-1854-/21-octobre-1886/104/1170281/2,0.002894,1,0,1
claretieVieParis1885,claretieVieParis1885,Quotidien,Grande presse,"Claretie, Jules","Claretie, Jules",La vie à Paris,Le Temps,1885-06-23,418,2,,,,France,https://www.retronews.fr/journal/le-temps/23-juin-1885/123/766277/2,0.012155,4,1,5
cohlPoesie18861886,cohlPoesie18861886,Hebdomadaire,Presse intermédiaire,"Cohl, Émile","Cohl, Émile",La poésie en 1886,Le Charivari,1886-06-17,777,[3],,,,France,https://gallica.bnf.fr/ark:/12148/bpt6k3070763f/f3.item#,0.002616,0,0,0
correoJournauxRevues1886,correoJournauxRevues1886,Quotidien,Grande presse,"Correo, El","Correo, El",Journaux et revues,Gil Blas,1886-10-12,894,3,,,,France,https://www.retronews.fr/journal/gil-blas/12-octobre-1886/121/261319/3,0.002616,0,1,1
Decadents1885,Decadents1885,Hebdomadaire,Petite presse,,,Les Décadents,L'Art Moderne,1885-07-26,451,237-239,30,,,Belgique,http://digitheque.ulb.ac.be/fr/digitheque-revues-litteraires-belges/periodiques-numerises/index.html#c11373,0.002616,0,1,1
Decadents1885a,Decadents1885a,Quotidien,Grande presse,,,Les Décadents,La Liberté,1885-08-11,467,1-2,,,,France,https://www.retronews.fr/journal/la-liberte-1865-1940/11-aout-1885/1701/3569791/1,0.003061,1,1,2
Decadisme1886,Decadisme1886,Quotidien,Grande presse,,,Le décadisme,La Liberté,1886-09-24,876,1-2,,,,France,https://www.retronews.fr/journal/la-liberte-1865-1940/24-septembre-1886/1701/3491983/1,0.003729,1,1,2
Deliquescents1885,Deliquescents1885,Hebdomadaire,Petite presse,,,Les Déliquescents,L'Art Moderne,1885-07-19,444,229-231,29,,,Belgique,http://digitheque.ulb.ac.be/fr/digitheque-revues-litteraires-belges/periodiques-numerises/index.html#c11373,0.003493,3,1,4
demaillyTraversPresse1886,demaillyTraversPresse1886,Quotidien,Grande presse,"Demailly, Ch.","Demailly, Ch.",A travers la presse,Le Gaulois,1886-03-20,688,2,,,,France,https://www.retronews.fr/journal/le-gaulois/20-mars-1886/37/218891/2,0.002616,0,1,1
deschaumesChroniqueParisSymbolistes1886,deschaumesChroniqueParisSymbolistes1886,Quotidien,Grande presse,"Deschaumes, Edmond","Deschaumes, Edmond",Chronique de Paris. Symbolistes et cymbalistes,L’Événement,1886-09-22,874,1,,,,France,https://www.retronews.fr/journal/l-evenement-1872-1956/22-septembre-1886/1787/3142765/1,0.005082,4,3,7
dethezChroniqueDeliquescentsDecadents1886,dethezChroniqueDeliquescentsDecadents1886,Quotidien,Grande presse,"Dethez, Albert","Dethez, Albert",Chronique: Déliquescents et Décadents,Le Siècle,1886-10-10,892,2,,,,France,https://www.retronews.fr/journal/le-siecle/10-octobre-1886/93/862947/2,0.004839,1,0,1
didierRapinsLitterature1886,didierRapinsLitterature1886,Quotidien,Grande presse,Didier,Didier,Les rapins de la littérature,L'Echo de Paris,1886-09-13,865,1,,,,France,https://www.retronews.fr/journal/l-echo-de-paris-1884-1938/13-septembre-1886/120/598497/1,0.008414,3,0,3
encreChronique1885,encreChronique1885,Quotidien,Grande presse,"Encre, Gabriel d'","Encre, Gabriel d'",Chronique,Le XIXe siècle,1885-05-17,381,2,,,,France,https://www.retronews.fr/journal/le-xixe-siecle/17-mai-1885/29/1912975/2,0.003302,1,1,2
feneonIlluminationsArthurRimbaud1886,feneonIlluminationsArthurRimbaud1886,Hebdomadaire,Petite presse,"Fénéon, Félix","Fénéon, Félix",Les Illuminations d'Arthur Rimbaud,Le Symboliste,1886-10-07,889,2-3,1,,,France,https://gallica.bnf.fr/ark:/12148/bpt6k122664n/f6.item,0.008489,5,0,5
feneonImpressionnistes18861886a,feneonImpressionnistes18861886a,Livre,Ouvrage,"Fénéon, Félix","Fénéon, Félix",Les impressionnistes en 1886,,1886-12-01,944,,,"publications de ""la Vogue""",Paris,France,http://gallica.bnf.fr/ark:/12148/bpt6k850398w,0.004839,1,0,1
feneonMuseeLuxembourg1886,feneonMuseeLuxembourg1886,Hebdomadaire,Petite presse,"Fénéon, Félix","Fénéon, Félix",Le Musée du Luxembourg,Le Symboliste,1886-10-15,897,7-8,2,,,France,https://gallica.bnf.fr/ark:/12148/bpt6k122664n/f11.item,0.003172,1,0,1
floupetteDeliquescences1885,floupetteDeliquescences1885,Livre,Ouvrage,"Floupette, Adoré","Floupette, Adoré",Les Déliquescences,,1885-05-02,366,,,"Chez Lion Vanné, Éditeur",Byzance,France,https://gallica.bnf.fr/ark:/12148/bpt6k1073270c,0.010028,4,0,4
floupetteDeliquescences1885a,floupetteDeliquescences1885a,Livre,Ouvrage,"Floupette, Adoré; Tapora, Marius","Floupette, Adoré",Les Déliquescences,,1885-06-20,415,,,"Chez Lion Vanné, Éditeur",Byzance,France,https://gallica.bnf.fr/ark:/12148/bpt6k113350w,0.082789,30,0,30
floupetteQuestionDecadents1885,floupetteQuestionDecadents1885,Hebdomadaire,Presse intermédiaire,"Floupette, Adoré","Floupette, Adoré",La question des Décadents,La Vie Moderne,1885-09-12,499,599-600,37,,,France,https://www.retronews.fr/journal/la-vie-moderne/12-septembre-1885/2083/3716805/3,0.002616,0,3,3
fouquierCuriositesCoupeFaust1886,fouquierCuriositesCoupeFaust1886,Bimensuel,Petite presse,"Fouquier, Henry","Fouquier, Henry",Curiosités: La coupe de Faust,Le Scapin,1886-10-01,883,58,2,,,France,https://www.retronews.fr/journal/le-scapin/1-octobre-1886/4120/5384654/24,0.003503,1,0,1
fouquierVieParis1886a,fouquierVieParis1886a,Quotidien,Grande presse,"Fouquier, Henry","Fouquier, Henry",La Vie de Paris,Le XIXe siècle,1886-09-08,860,1,,,,France,https://www.retronews.fr/journal/le-xixe-siecle/8-septembre-1886/29/1141921/1,0.007553,3,1,4
fouquierVieParis1886b,fouquierVieParis1886b,Quotidien,Grande presse,"Fouquier, Henry","Fouquier, Henry",La Vie de Paris,Le XIXe siècle,1886-10-06,888,1,,,,France,https://www.retronews.fr/journal/le-xixe-siecle/6-octobre-1886/29/1125481/1,0.00313,1,3,4
franceVieParis1886,franceVieParis1886,Quotidien,Grande presse,"France, Anatole","France, Anatole",La Vie à Paris,Le Temps,1886-10-24,906,2,,,,France,https://www.retronews.fr/journal/le-temps/24-octobre-1886/123/762337/2,0.003061,1,2,3
franceVieParisSymbolisme1886,franceVieParisSymbolisme1886,Quotidien,Grande presse,"France, Anatole","France, Anatole",La Vie à Paris (Le symbolisme. — Décadents et déliquescents. — Simples observations sur un manifeste de M. Jean Moréas.),Le Temps,1886-09-26,878,2-3,,,,France,https://www.retronews.fr/journal/le-temps/26-septembre-1886/123/362591/2,0.005868,5,1,6
gambettaChroniqueParisiennePoetes1885,gambettaChroniqueParisiennePoetes1885,Mensuel,Presse intermédiaire,"Gambetta, Léon","Gambetta, Léon",Chronique parisienne. Les poètes impressionistes et Adoré Floupette,Bibliothèque universelle et Revue suisse,1885-08-01,457,388-392,80,,,Suisse,https://gallica.bnf.fr/ark:/12148/bpt6k454256q/f389.item,0.002616,0,1,1
germainFleursDecadence1886,germainFleursDecadence1886,Quotidien,Grande presse,"Germain, Auguste","Germain, Auguste",Fleurs de décadence,Le Voltaire,1886-10-10,892,1,,,,France,https://www.retronews.fr/journal/le-voltaire/10-octobre-1886/2273/4432371/1,0.002616,0,0,0
germainSymbolisme1886,germainSymbolisme1886,Quotidien,Grande presse,"Germain, Auguste","Germain, Auguste",Le symbolisme,Le Voltaire,1886-11-01,914,1,,,,France,https://www.retronews.fr/journal/le-voltaire/1-novembre-1886/2273/4432449/1,0.002616,0,1,1
geromeCourrierParis1885,geromeCourrierParis1885,Hebdomadaire,Grande presse,Gérôme,Gérôme,Courrier de Paris,L'Univers illustré,1885-07-11,436,434-435,1581,,,France,https://www.retronews.fr/journal/l-univers-illustre/11-juillet-1885/98/1167173/3,0.002616,0,1,1
geromeCourrierParisDecadents1886a,geromeCourrierParisDecadents1886a,Hebdomadaire,Grande presse,Gérôme,Gérôme,"Courrier de Paris. Les décadents, une nouvelle langue, un sonnet",L'Univers illustré,1886-10-02,884,626-627,1645,,,France,https://www.retronews.fr/journal/l-univers-illustre/2-octobre-1886/98/1167267/2,0.007421,2,2,4
ghilNotreEcole1886,ghilNotreEcole1886,Bimensuel,Petite presse,"Ghil, René","Ghil, René",Notre École,La Décadence,1886-10-01,883,1-2,1,,,France,https://www.retronews.fr/journal/la-decadence/1-octobre-1886/4392/5399420/1,0.003503,1,0,1
ghilSousMonCachet1885,ghilSousMonCachet1885,Mensuel,Petite presse,"Ghil, René","Ghil, René",Sous mon cachet. Le Symbole,La Basoche,1885-07-01,426,325-326,9,,,Belgique,http://digitheque.ulb.ac.be/fr/digitheque-revues-litteraires-belges/periodiques-numerises/index.html#c13284,0.002616,0,0,0
ghilTonConversation1886,ghilTonConversation1886,Bimensuel,Petite presse,"Ghil, René","Ghil, René",Ton de conversation,La Décadence,1886-10-15,897,10,3,,,France,https://www.retronews.fr/journal/la-decadence/15-octobre-1886/4392/5399426/2,0.00394,2,3,5
ghilTraiteVerbe1886,ghilTraiteVerbe1886,Livre,Ouvrage,"Ghil, René; Mallarmé, Stéphane","Ghil, René",Traité du Verbe,,1886-08-01,822,,,Giraud,Paris,France,https://fr.wikisource.org/wiki/Trait%C3%A9_du_verbe,0.026694,15,0,15
ghilTraiteVerbe1886a,ghilTraiteVerbe1886a,Mensuel,Petite presse,"Ghil, René","Ghil, René",Traité du Verbe,La Pléiade,1886-07-01,791,129-137,5,,,France,https://gallica.bnf.fr/ark:/12148/bpt6k32489r/f135.item,0.003917,1,0,1
gilleRevueBibliographique1886a,gilleRevueBibliographique1886a,Quotidien,Grande presse,"Gille, Philippe","Gille, Philippe",Revue bibliographique,Le Figaro,1886-03-24,692,5-6,,,,France,https://www.retronews.fr/journal/le-figaro-1854-/24-mars-1886/104/1102159/6,0.002616,0,1,1
gilleRevueBibliographique1886b,gilleRevueBibliographique1886b,Quotidien,Grande presse,"Gille, Philippe","Gille, Philippe",Revue bibliographique,Le Figaro,1886-08-11,832,6,,,,France,https://www.retronews.fr/journal/le-figaro-1854-/11-aout-1886/104/1102201/6,0.002838,1,1,2
goudeauImpressionsLecteur1885,goudeauImpressionsLecteur1885,Quotidien,Grande presse,"Goudeau, Émile","Goudeau, Émile",Impressions d'un lecteur,L'Echo de Paris,1885-05-19,383,2,,,,France,https://www.retronews.fr/journal/l-echo-de-paris-1884-1938/19-mai-1885/120/594307/2,0.002616,0,1,1
guaitaRosaMystica1885,guaitaRosaMystica1885,Livre,Ouvrage,"Guaïta, Stanislas de","Guaïta, Stanislas de",Rosa mystica,,1885-05-01,365,,,Lemerre,,France,https://gallica.bnf.fr/ark:/12148/bpt6k5438584p,0.008185,4,1,5
guigouDeliquescences1885,guigouDeliquescences1885,Mensuel,Petite presse,"Guigou, Paul","Guigou, Paul",Les Déliquescences,La Revue moderniste,1885-06-01,396,75-76,5,,,France,https://gallica.bnf.fr/ark:/12148/bpt6k1140376/f386.item,0.002616,0,1,1
gygesJournalJournaux1886,gygesJournalJournaux1886,Quotidien,Grande presse,Gygès,Gygès,Journal des journaux,L’Événement,1886-10-11,893,3,,,,France,https://www.retronews.fr/journal/l-evenement-1872-1956/11-octobre-1886/1787/3142695/3,0.002616,0,2,2
h.v.PetitsEchosQuestion1885,h.v.PetitsEchosQuestion1885,Hebdomadaire,Presse intermédiaire,H. V.,H. V.,Petits échos: La Question du jour,La Vie Moderne,1885-08-15,471,546,33,,,France,https://www.retronews.fr/journal/la-vie-moderne/15-aout-1885/2083/3716615/14,0.002616,0,3,3
hCourrierParisInvasion1886,hCourrierParisInvasion1886,Quotidien,Grande presse,"H, A.","H, A.",Courrier de Paris. L'Invasion des Helvètes,Journal des Débats politiques et littéraires,1886-10-13,895,2,,,,France,https://gallica.bnf.fr/ark:/12148/cb39294634r,0.003172,1,0,1
hCourrierParisSymbolistes1886,hCourrierParisSymbolistes1886,Quotidien,Grande presse,"H, A.","H, A.",Courrier de Paris. Symbolistes,Journal des Débats politiques et littéraires,1886-12-22,965,2,,,,France,https://gallica.bnf.fr/ark:/12148/cb39294634r,0.002616,0,2,2
hennequinPoetesSymboliques1886,hennequinPoetesSymboliques1886,Mensuel,Petite presse,"Hennequin, Emile","Hennequin, Emile",Les Poètes symboliques,La Revue de Genève,1886-01-20,629,230-238,,,,Suisse,http://www.lyriktheorie.uni-wuppertal.de/scans2/1886_hennequin1.pdf,0.002616,0,1,1
henryIntroductionEsthetiqueScientifique1885,henryIntroductionEsthetiqueScientifique1885,Mensuel,Petite presse,"Henry, Charles","Henry, Charles",Introduction à une esthétique scientifique,La Revue contemporaine,1885-08-01,457,441-469,,,,France,https://babel.hathitrust.org/cgi/pt?id=mdp.39015012368695&view=1up&seq=451&q1=esth%C3%A9tique%20scientifique,0.003842,2,0,2
huysmans1884,huysmans1884,Mensuel,Petite presse,"Huysmans, J.-K.","Huysmans, J.-K.",La genèse du peintre,La Revue indépendante,1884-05-01,0,22–27,1,,,France,https://gallica.bnf.fr/ark:/12148/bpt6k164837/f26.item,0.002616,0,0,0
huysmansRebours1884,huysmansRebours1884,Livre,Ouvrage,"Huysmans, J.-K.","Huysmans, J.-K.",À rebours,,1884-05-01,0,,,Charpentier,Paris,France,https://gallica.bnf.fr/ark:/12148/bpt6k1045576p,0.022515,4,0,4
Incoherents1885,Incoherents1885,Hebdomadaire,Petite presse,,,Les Incohérents,L'Art Moderne,1885-08-02,458,245-248,31,,,Belgique,http://digitheque.ulb.ac.be/fr/digitheque-revues-litteraires-belges/periodiques-numerises/index.html\#c11373,0.003493,3,1,4
isambertChronique1886a,isambertChronique1886a,Quotidien,Grande presse,"Isambert, Gustave","Isambert, Gustave",Chronique,La République française,1886-10-03,885,2,,,,France,https://www.retronews.fr/journal/la-republique-francaise-1871-1924/3-octobre-1886/655/1857631/2,0.002616,0,1,1
jourdainLoterieRouge1885,jourdainLoterieRouge1885,Hebdomadaire,Presse intermédiaire,"Jourdain, Frantz","Jourdain, Frantz",La loterie rouge,La Vie Moderne,1885-07-25,450,487-488,30,,,France,https://www.retronews.fr/journal/la-vie-moderne/25-juillet-1885/2083/3716623/3,0.010997,2,0,2
JournalJournaux1885,JournalJournaux1885,Quotidien,Grande presse,,,Journal des journaux,Gazette nationale ou le Moniteur universel,1885-08-07,463,2-3,,,,France,https://www.retronews.fr/journal/gazette-nationale-ou-le-moniteur-universel/7-aout-1885/149/1445369/3,0.002616,0,1,1
joyeuseCourrierParisNaturalistes1886,joyeuseCourrierParisNaturalistes1886,Quotidien,Grande presse,Joyeuse,Joyeuse,Courrier de Paris. Naturalistes et Décadents.,Paris,1886-09-28,880,1-2,,,,France,https://www.retronews.fr/journal/paris-1881-1935/28-septembre-1886/751/2371835/2,0.005659,3,0,3
kahnDifficulteVivre1886,kahnDifficulteVivre1886,Hebdomadaire,Petite presse,"Kahn, Gustave","Kahn, Gustave",Difficulté de vivre,Le Symboliste,1886-10-15,897,5,2,,,France,https://gallica.bnf.fr/ark:/12148/bpt6k122664n/f9.item,0.003172,1,0,1
kahnReponseSymbolistes1886,kahnReponseSymbolistes1886,Quotidien,Grande presse,"Kahn, Gustave","Kahn, Gustave",Réponse des Symbolistes,L’Événement,1886-09-28,880,3,,,,France,https://www.retronews.fr/journal/l-evenement-1872-1956/28-septembre-1886/1787/3142741/3,0.004599,4,5,9
khnopffDeliquescencesMiserableEssai1885a,khnopffDeliquescencesMiserableEssai1885a,Mensuel,Petite presse,"Khnopff, Georges","Khnopff, Georges","Les Déliquescences, un misérable essai de parodie [...]",La Jeune Belgique,1885-10-05,522,515-518,10,,,Belgique,http://digitheque.ulb.ac.be/fr/digitheque-revues-litteraires-belges/periodiques-numerises/index.html\#c12716,0.002616,0,1,1
khnopffPathologieLitteraireCorrespondance1885,khnopffPathologieLitteraireCorrespondance1885,Hebdomadaire,Petite presse,"Khnopff, Georges","Khnopff, Georges",Pathologie littéraire. Correspondance,L'Art Moderne,1885-09-27,514,312-314,39,,,Belgique,http://digitheque.ulb.ac.be/fr/digitheque-revues-litteraires-belges/periodiques-numerises/index.html\#c11373,0.004839,1,2,3
l[eveque]Decadentsdeliquescentssymboliques1886,l[eveque]Decadentsdeliquescentssymboliques1886,Hebdomadaire,Grande presse,"L[éveque], Ch.","L[éveque], Ch.",Les décadents-déliquescents-symboliques,La Revue politique et littéraire,1886-10-23,905,544,17,,,France,https://www.retronews.fr/journal/la-revue-politique-et-litteraire/23-octobre-1886/2057/4436827/32,0.002616,0,8,8
labruyerePhysiologieParisienneDecadent1885,labruyerePhysiologieParisienneDecadent1885,Quotidien,Grande presse,Labruyère,Labruyère,Physiologie parisienne: Le Décadent,Le Figaro,1885-09-22,509,1,,,,France,https://www.retronews.fr/journal/le-figaro-1854-/22-septembre-1885/104/792453/1,0.002616,0,1,1
laforgueBobo1886,laforgueBobo1886,Hebdomadaire,Petite presse,"Laforgue, Jules","Laforgue, Jules",Bobo,Le Symboliste,1886-10-15,897,6-7,2,,,France,https://gallica.bnf.fr/ark:/12148/bpt6k122664n/f10.item,0.003172,1,0,1
lariviereDecadentsEcoleDecadente1886,lariviereDecadentsEcoleDecadente1886,Bimensuel,Presse intermédiaire,"Larivière, Charles de","Larivière, Charles de",Les décadents et l'école décadente ou symbolique,Revue générale,1886-11-01,914,429–432,72,,,France,https://gallica.bnf.fr/ark:/12148/bpt6k112651x/f432.item,0.002616,0,6,6
LecturesFrancaisesEnfants1886,LecturesFrancaisesEnfants1886,Quotidien,Grande presse,,,Lectures françaises. Les enfants s'amusent,Le Temps,1886-09-20,872,3,,,,France,https://www.retronews.fr/journal/le-temps/20-septembre-1886/123/762297/3,0.005989,5,4,9
lescapinSacScapin1886,lescapinSacScapin1886,Bimensuel,Petite presse,Le Scapin,Le Scapin,Le sac de Scapin,La Décadence,1886-10-01,883,3-4,1,,,France,https://www.retronews.fr/journal/la-decadence/1-octobre-1886/4392/5399420/3,0.004839,1,8,9
liseurParisAuJour1886,liseurParisAuJour1886,Quotidien,Grande presse,"Liseur, Le","Liseur, Le",Paris au jour le jour,Le Figaro,1886-10-08,890,2,,,,France,https://www.retronews.fr/journal/le-figaro-1854-/8-octobre-1886/104/1170279/2,0.002616,0,2,2
LitteratureDecadente1886,LitteratureDecadente1886,Quotidien,Grande presse,,,La littérature décadente,Journal des Débats politiques et littéraires,1886-10-21,903,3,,,,France,https://www.retronews.fr/journal/journal-des-debats-politiques-et-litteraires/21-octobre-1886/134/368059/3,0.002894,1,0,1
LouiseMichelDecadents1886,LouiseMichelDecadents1886,Quotidien,Grande presse,,,Louise Michel et les décadents,Le Temps,1886-10-22,904,3,,,,France,https://www.retronews.fr/journal/le-temps/22-octobre-1886/123/766533/3,0.002894,1,0,1
lucPicotin1886,lucPicotin1886,Hebdomadaire,Presse intermédiaire,"Luc, Désiré","Luc, Désiré",Un picotin,Le Tintamarre,1886-10-24,906,5-6,,,,France,https://www.retronews.fr/journal/le-tintamarre/24-octobre-1886/96/1165371/2,0.002616,0,11,11
lucTousEpiciers1886,lucTousEpiciers1886,Hebdomadaire,Presse intermédiaire,"Luc, Désiré","Luc, Désiré",Tous épiciers,Le Tintamarre,1886-10-03,885,[4],,,,France,https://www.retronews.fr/journal/le-tintamarre/3-octobre-1886/96/1165587/4,0.003846,2,4,6
lunaireEssaiPathosjoliContemporain1885,lunaireEssaiPathosjoliContemporain1885,Mensuel,Petite presse,"Lunaire, Pierrot","Lunaire, Pierrot",Essai de pathosjoli contemporain,La Jeune Belgique,1885-10-05,522,508-514,10,,,Belgique,http://digitheque.ulb.ac.be/fr/digitheque-revues-litteraires-belges/periodiques-numerises/index.html#c12716,0.002616,0,10,10
malivertSymbolistesDecadents1886,malivertSymbolistesDecadents1886,Hebdomadaire,Presse intermédiaire,"Malivert, Octave de","Malivert, Octave de",Symbolistes et Décadents,La Vie Moderne,1886-11-20,933,741-743,47,,,France,https://www.retronews.fr/journal/la-vie-moderne/20-novembre-1886/2083/3716259/5,0.002616,0,10,10
mallarme1885,mallarme1885,Mensuel,Petite presse,"Mallarmé, Stéphane","Mallarmé, Stéphane",Richard wagner: Rêverie d'un poëte français,Revue wagnérienne,1885-08-08,464,195-200,7,,,France,https://gallica.bnf.fr/ark:/12148/bpt6k19995b/f208.item,0.004493,1,0,1
mallarmeProsePourEsseintes1885,mallarmeProsePourEsseintes1885,Mensuel,Petite presse,"Mallarmé, Stéphane","Mallarmé, Stéphane",Prose (pour des Esseintes),La Revue indépendante,1885-01-01,245,194-197,,,,France,https://babel.hathitrust.org/cgi/pt?id=njp.32101008965640&seq=202,0.002616,0,0,0
marcadeTraversRevuesRevue1886,marcadeTraversRevuesRevue1886,Hebdomadaire,Grande presse,"Marcade, Auguste","Marcade, Auguste",À travers les revues [Revue décadente et pessimiste],Le Figaro. Supplément littéraire,1886-03-06,674,3,,,,France,https://www.retronews.fr/journal/le-figaro-supplement-litteraire-du-dimanche/6-mars-1886/105/983283/3,0.002616,0,1,1
marsolleauAdoreFloupette1885,marsolleauAdoreFloupette1885,Hebdomadaire,Petite presse,"Marsolleau, Louis","Marsolleau, Louis",Adoré Floupette,Le Chat noir,1885-05-30,394,498,177,,,France,https://gallica.bnf.fr/ark:/12148/bpt6k1054810x/f2.item,0.002616,0,1,1
massiacLouiseMichelEcole1886,massiacLouiseMichelEcole1886,Quotidien,Grande presse,"Massiac, Théodore","Massiac, Théodore",Louise Michel et l'École décadente,Gil Blas,1886-10-22,904,2,,,,France,https://www.retronews.fr/journal/gil-blas/22-octobre-1886/121/262299/2,0.002894,1,0,1
mermeixParisAuJour1886,mermeixParisAuJour1886,Quotidien,Grande presse,Mermeix,Mermeix,Paris au jour le jour. Les deux pôles,La France,1886-10-06,888,2,,,,France,https://www.retronews.fr/journal/la-france-paris/6-octobre-1886/649/2030989/2,0.002818,1,2,3
mermeixParisAuJour1886a,mermeixParisAuJour1886a,Quotidien,Grande presse,"Mermeix; Ghil, René",Mermeix,Paris au jour le jour,La France,1886-11-04,917,3,,,,France,https://www.retronews.fr/journal/la-france-paris/4-novembre-1886/649/2031263/3,0.002616,0,4,4
mermeixParisAuJour1886b,mermeixParisAuJour1886b,Quotidien,Grande presse,Mermeix,Mermeix,Paris au jour le jour,La France,1886-10-24,906,2,,,,France,https://www.retronews.fr/journal/la-france-paris/4-novembre-1886/649/2031263/3,0.003617,2,4,6
mikhaelDecadents1885,mikhaelDecadents1885,Mensuel,Petite presse,"Mikhael, Ephraim","Mikhael, Ephraim",Les Décadents,La Jeune France,1885-10-01,518,141-149,87,,,France,https://gallica.bnf.fr/ark:/12148/bpt6k96626864/f149.item,0.002616,0,0,0
mirlitonNotesParisiennesDeliquescence1886,mirlitonNotesParisiennesDeliquescence1886,Quotidien,Grande presse,Mirliton,Mirliton,Notes Parisiennes. Déliquescence,L’Événement,1886-08-29,850,1,,,,France,https://www.retronews.fr/journal/l-evenement-1872-1956/29-aout-1886/1787/3142527/1,0.003398,1,1,2
mockelProArteArt1886,mockelProArteArt1886,Mensuel,Petite presse,"Mockel, Albert","Mockel, Albert",Pro arte. L'Art social. – Les Symbolistes,La Wallonie,1886-10-15,897,142-149,5,,,Belgique,http://digitheque.ulb.ac.be/fr/digitheque-revues-litteraires-belges/periodiques-numerises/index.html#c13285,0.002616,0,2,2
moncompsSymbolistesDecadents1886,moncompsSymbolistesDecadents1886,Hebdomadaire,Presse intermédiaire,"Moncomps, B. de","Moncomps, B. de",Symbolistes et Décadents,La Vie Moderne,1886-12-18,961,813-814,51,,,France,https://www.retronews.fr/journal/la-vie-moderne/18-decembre-1886/2083/3716279/13,0.002616,0,1,1
moncompsSymbolistesDecadentsPersonnalites1886,moncompsSymbolistesDecadentsPersonnalites1886,Hebdomadaire,Presse intermédiaire,"Moncomps, B. de","Moncomps, B. de",Symbolistes et Décadents. Les personnalités symbolistes,La Vie Moderne,1886-11-27,940,757-759,48,,,France,https://www.retronews.fr/journal/la-vie-moderne/27-novembre-1886/2083/3716261/5,0.002616,0,1,1
moncompsSymbolistesDecadentsPersonnalites1886a,moncompsSymbolistesDecadentsPersonnalites1886a,Hebdomadaire,Presse intermédiaire,"Moncomps, B. de","Moncomps, B. de",Symbolistes et Décadents. Les personnalités symbolistes (Suite.),La Vie Moderne,1886-12-04,947,779-780,49,,,France,https://www.retronews.fr/journal/la-vie-moderne/4-decembre-1886/2083/3716269/11,0.002616,0,1,1
monconysSymbolistesDecadents1887,monconysSymbolistesDecadents1887,Hebdomadaire,Presse intermédiaire,"Moncomps, B. de","Moncomps, B. de",Symbolistes et Décadents,La Vie Moderne,1887-01-08,982,30,2,,,France,https://www.retronews.fr/journal/la-vie-moderne/8-janvier-1887/2083/4004419/14,0.002616,0,0,0
monconysSymbolistesDecadents1887a,monconysSymbolistesDecadents1887a,Hebdomadaire,Presse intermédiaire,"Moncomps, B. de","Moncomps, B. de",Symbolistes et Décadents,La Vie Moderne,1887-01-15,989,44,3,,,France,https://www.retronews.fr/journal/la-vie-moderne/15-janvier-1887/2083/4004431/12,0.002616,0,0,0
monconysSymbolistesDecadents1887b,monconysSymbolistesDecadents1887b,Hebdomadaire,Presse intermédiaire,"Moncomps, B. de","Moncomps, B. de",Symbolistes et Décadents,La Vie Moderne,1887-01-22,996,61,4,,,France,https://www.retronews.fr/journal/la-vie-moderne/22-janvier-1887/2083/4004433/13,0.002616,0,0,0
montflavelParadeRiposte1886,montflavelParadeRiposte1886,Hebdomadaire,Presse intermédiaire,"Montflavel, R.","Montflavel, R.",Parade et riposte,Le Tintamarre,1886-06-27,787,[3],,,,France,https://www.retronews.fr/journal/le-tintamarre/27-juin-1886/96/1165409/3,0.00658,1,0,1
moreasChezMiranda1886,moreasChezMiranda1886,Livre,Ouvrage,"Moréas, Jean; Adam, Paul","Moréas, Jean",Le thé chez Miranda,,1886-07-01,791,,,Tresse et Stock,Paris,France,https://gallica.bnf.fr/ark:/12148/bpt6k113361m?rk=21459;2,0.056612,15,0,15
moreasChronique1886,moreasChronique1886,Hebdomadaire,Petite presse,"Moréas, Jean","Moréas, Jean",Chronique,Le Symboliste,1886-10-07,889,1,1,,,France,https://gallica.bnf.fr/ark:/12148/bpt6k122664n?rk=21459;2,0.003964,1,0,1
moreasDecadents1885,moreasDecadents1885,Quotidien,Grande presse,"Moréas, Jean","Moréas, Jean",Les décadents,Le XIXe siècle,1885-08-11,467,3,,,,France,https://www.retronews.fr/journal/le-xixe-siecle/11-aout-1885/29/1141729/3,0.007851,7,1,8
moreasPeintures1886,moreasPeintures1886,Hebdomadaire,Petite presse,"Moréas, Jean","Moréas, Jean",Peintures,Le Symboliste,1886-10-22,904,9,3,,,France,https://gallica.bnf.fr/ark:/12148/bpt6k122664n/f13.item,0.003829,2,0,2
moreasPremieresArmesSymbolisme1889,moreasPremieresArmesSymbolisme1889,Livre,Ouvrage,"Moréas, Jean; Bourde, Paul; France, Anatole; Vanier, Léon","Moréas, Jean",Les premières armes du symbolisme: curiosités littéraires,,1889-07-01,1887,,,L. Vanier,Paris,France,https://gallica.bnf.fr/ark:/12148/bpt6k1079099,0.002616,0,5,5
moreasReponse1885,moreasReponse1885,Hebdomadaire,Petite presse,"Moréas, Jean","Moréas, Jean",Réponse,Lutèce,1885-09-06,493,[2],199,,,France,https://hdl.handle.net/2027/coo.31924101785388?urlappend=%3Bseq=576%3Bownerid=13510798902972517-618,0.002616,0,2,2
moreasReponse1886,moreasReponse1886,Hebdomadaire,Petite presse,"Moréas, Jean","Moréas, Jean",Une réponse,Le Symboliste,1886-10-07,889,2,1,,,France,https://gallica.bnf.fr/ark:/12148/bpt6k122664n/f6.item,0.003061,1,2,3
moreasSymbolisme1886,moreasSymbolisme1886,Mensuel,Petite presse,"Moréas, Jean","Moréas, Jean",Le Symbolisme,La Jeune Belgique,1886-10-05,887,436-438,10,,,Belgique,http://digitheque.ulb.ac.be/fr/digitheque-revues-litteraires-belges/periodiques-numerises/index.html\#c12716,0.002616,0,1,1
moreasSymbolismeManifesteLitteraire1886,moreasSymbolismeManifesteLitteraire1886,Hebdomadaire,Grande presse,"Moréas, Jean","Moréas, Jean",Le Symbolisme. Un Manifeste littéraire,Le Figaro. Supplément littéraire,1886-09-18,870,2-3,,,,France,https://www.retronews.fr/journal/le-figaro-supplement-litteraire-du-dimanche/18-septembre-1886/105/983319/3,0.038496,26,1,27
mostraillesBourdeBourdes1885,mostraillesBourdeBourdes1885,Hebdomadaire,Petite presse,"Mostrailles, L.-G.","Mostrailles, L.-G.",Bourde's bourdes,Lutèce,1885-08-16,472,[1],193,,,France,https://hdl.handle.net/2027/coo.31924101785388?urlappend=%3Bseq=569%3Bownerid=13510798902972517-597,0.002616,0,1,1
mostraillesQuaisDemain1886,mostraillesQuaisDemain1886,Hebdomadaire,Petite presse,"Mostrailles, L.-G.","Mostrailles, L.-G.",Les quais de demain,Lutèce,1886-08-01,822,[3],248,,,France,https://hdl.handle.net/2027/mdp.39015022181161?urlappend=%3Bseq=725%3Bownerid=13510798900516696-729,0.002616,0,1,1
nanceyLouiseMichelDecadente1886,nanceyLouiseMichelDecadente1886,Quotidien,Grande presse,"Nancey, André","Nancey, André",Louise Michel décadente,Le XIXe siècle,1886-10-21,903,2,,,,France,https://www.retronews.fr/journal/le-xixe-siecle/21-octobre-1886/29/1125451/2,0.002894,1,0,1
noresGazetteParis1886,noresGazetteParis1886,Quotidien,Grande presse,"Norès, Édouard","Norès, Édouard",Gazette de Paris,La Patrie,1886-08-28,849,2,,,,France,https://www.retronews.fr/journal/la-patrie-1841-1937/28-aout-1886/2935/4568283/2,0.0089,1,1,2
orferChronique1886,orferChronique1886,Bimensuel,Petite presse,"Orfer, Léo d'","Orfer, Léo d'",Chronique,La Décadence,1886-10-08,890,5,2,,,France,https://www.retronews.fr/journal/la-decadence/8-octobre-1886/4392/5399428/1,0.002616,0,1,1
orferChronique1886a,orferChronique1886a,Bimensuel,Petite presse,"Orfer, Léo d'","Orfer, Léo d'",Chronique,La Décadence,1886-10-15,897,9-10,3,,,France,https://www.retronews.fr/journal/la-decadence/15-octobre-1886/4392/5399426/2,0.002616,0,1,1
orferNotesQuinzaine1886,orferNotesQuinzaine1886,Bimensuel,Petite presse,"Orfer, Léo d'","Orfer, Léo d'",Notes de Quinzaine,Le Scapin,1886-10-01,883,68-72,2,,,France,https://www.retronews.fr/journal/le-scapin/1-octobre-1886/4120/5384654/34,0.003728,1,2,3
parthenayEchos1886,parthenayEchos1886,Quotidien,Grande presse,"Parthenay, Georges","Parthenay, Georges",Échos,L'Estafette,1886-09-21,873,2,,,,France,https://www.retronews.fr/journal/l-estafette-1876-1914/21-septembre-1886/1101/4310285/2,0.00313,1,0,1
parthenayEchos1886a,parthenayEchos1886a,Quotidien,Grande presse,"Parthenay, Georges","Parthenay, Georges",Échos,L'Estafette,1886-09-10,862,2,,,,France,https://www.retronews.fr/journal/l-estafette-1876-1914/10-septembre-1886/1101/4310065/2,0.00313,1,1,2
PathologieLitteraire1886,PathologieLitteraire1886,Hebdomadaire,Petite presse,,,Pathologie littéraire,L'Art Moderne,1886-09-19,871,302-303,38,,,Belgique,http://digitheque.ulb.ac.be/fr/digitheque-revues-litteraires-belges/periodiques-numerises/index.html#c11373,0.003271,2,2,4
perdrixEtreDecadentOu1886,perdrixEtreDecadentOu1886,Hebdomadaire,Presse intermédiaire,"Perdrix, Georges","Perdrix, Georges",Être décadent... ou ne pas être,Le Tintamarre,1886-10-24,906,2,,,,France,https://www.retronews.fr/journal/le-tintamarre/24-octobre-1886/96/1165371/2,0.002616,0,1,1
picardProArte1886,picardProArte1886,Livre,Ouvrage,"Picard, Edmond","Picard, Edmond",Pro arte,,1886-09-01,853,,,F. Larcier,Bruxelles,France,,0.003728,1,7,8
plowertParenthesesIncidences1886,plowertParenthesesIncidences1886,Hebdomadaire,Petite presse,Plowert,Plowert,Parenthèses & incidences,Le Symboliste,1886-10-07,889,[1],1,,,France,https://gallica.bnf.fr/ark:/12148/bpt6k122664n/f5.item,0.002616,0,5,5
plowertParenthesesIncidences1886a,plowertParenthesesIncidences1886a,Hebdomadaire,Petite presse,Plowert,Plowert,Parenthéses et Incidences,Le Symboliste,1886-10-15,897,5-6,2,,,France,https://gallica.bnf.fr/ark:/12148/bpt6k122664n/f9.item,0.004839,1,1,2
plowertParenthesesIncidences1886b,plowertParenthesesIncidences1886b,Hebdomadaire,Petite presse,Plowert,Plowert,Parenthèses et Incidences,Le Symboliste,1886-10-22,904,10,3,,,France,https://gallica.bnf.fr/ark:/12148/bpt6k122664n/f14.item,0.002616,0,4,4
plowertParenthesesIncidences1886c,plowertParenthesesIncidences1886c,Hebdomadaire,Petite presse,Plowert,Plowert,Parenthèses et incidences,Le Symboliste,1886-10-30,912,2,4,,,France,https://gallica.bnf.fr/ark:/12148/bpt6k122664n/f18.item,0.002616,0,5,5
quisaitDecadents1886a,quisaitDecadents1886a,Quotidien,Grande presse,Quisait,Quisait,Les Décadents,Le Gaulois,1886-09-22,874,1,,,,France,https://www.retronews.fr/journal/le-gaulois/22-septembre-1886/37/1201201/1,0.003189,2,4,6
rastignacCourrierParis1886,rastignacCourrierParis1886,Hebdomadaire,Grande presse,Rastignac,Rastignac,Courrier de Paris,L'Illustration,1886-10-16,898,251,2277,,,France,https://babel.hathitrust.org/cgi/pt?id=njp.32101080466590&view=1up&seq=364&q1=symboliste,0.003172,1,2,3
robidaRevueDecadentePessimiste1886,robidaRevueDecadentePessimiste1886,Hebdomadaire,Presse intermédiaire,Robida,Robida,Revue décadente et pessimiste,La Caricature,1886-03-06,674,73-80,323,,,France,https://gallica.bnf.fr/ark:/12148/bpt6k5723130n,0.004839,1,0,1
rodQuestionDecadents1885,rodQuestionDecadents1885,Hebdomadaire,Presse intermédiaire,"Rod, Edouard","Rod, Edouard",La question des Décadents,La Vie Moderne,1885-08-29,485,568-569,35,,,France,https://www.retronews.fr/journal/la-vie-moderne/29-aout-1885/2083/3716793/4,0.003357,1,4,5
rodWagnerEsthetiqueAllemande1885,rodWagnerEsthetiqueAllemande1885,Mensuel,Petite presse,"Rod, Edouard","Rod, Edouard",Wagner et l'esthétique allemande,La Revue contemporaine,1885-08-25,481,305-315,,,,France,https://babel.hathitrust.org/cgi/pt?id=mdp.39015012368695&view=1up&seq=315&q1=d%C3%A9livrance%20dans%20l%27an%C3%A9antissement,0.003408,1,0,1
rogatChronique1886,rogatChronique1886,Quotidien,Grande presse,"Rogat, Albert","Rogat, Albert",Chronique,L'Autorité,1886-09-25,877,2,,,,France,https://www.retronews.fr/journal/l-autorite/25-septembre-1886/1041/3786237/2,0.004839,1,2,3
rogatMaboulescents1886,rogatMaboulescents1886,Hebdomadaire,Petite presse,"Rogat, Albert","Rogat, Albert",Les Maboulescents,Lutèce,1886-10-03,885,,,,,France,,0.002616,0,1,1
rollandJournaux1886,rollandJournaux1886,Quotidien,Grande presse,"Rolland, Jacques","Rolland, Jacques",Les Journaux,Le Voltaire,1886-09-08,860,2-3,,,,France,https://www.retronews.fr/journal/le-voltaire/8-septembre-1886/2273/4432339/3,0.01291,1,3,4
sarceyChronique1886,sarceyChronique1886,Quotidien,Grande presse,"Sarcey, Francisque","Sarcey, Francisque",Chronique,La France,1886-09-01,853,1-2,,,,France,https://www.retronews.fr/journal/la-france-paris/1-septembre-1886/649/2709341/1?,0.004772,3,1,4
sarrazinPoetesModernesAngleterre1885,sarrazinPoetesModernesAngleterre1885,Livre,Ouvrage,"Sarrazin, Gabriel","Sarrazin, Gabriel","Poètes modernes de l'Angleterre. Walter Savage Landor, Percy Bysshe Shelley, John Keats. Elisabeth Barrett Browning, Dante Gabriel Rossetti, Algernon Charles Swinburne",,1885-02-01,276,,,Ollendorff,Paris,France,https://archive.org/details/potesmodernesd00sarruoft,0.005933,1,0,1
sauliereContesNouvellesDecadent1886,sauliereContesNouvellesDecadent1886,Quotidien,Grande presse,"Saulière, Auguste","Saulière, Auguste",Contes et Nouvelles: Le Décadent,L'Estafette,1886-09-29,881,1-2,,,,France,https://www.retronews.fr/journal/l-estafette-1876-1914/29-septembre-1886/1101/4310245/2,0.00607,3,1,4
schureBouddhaSaLegende1885,schureBouddhaSaLegende1885,Mensuel,Grande presse,"Schuré, Edouard","Schuré, Edouard",Le Bouddha et sa légende,Revue des Deux Mondes,1885-08-01,457,589-622,,,,France,https://gallica.bnf.fr/ark:/12148/bpt6k87122w/f594.item,0.003408,1,0,1
secondChroniqueParisienneries1886,secondChroniqueParisienneries1886,Quotidien,Grande presse,"Second, Henri","Second, Henri",Chronique: Parisienneries,La France,1886-08-05,826,2,,,,France,https://www.retronews.fr/journal/la-france-paris/5-aout-1886/649/2031449/2,0.002818,1,0,1
simpliceEchosPartout1885,simpliceEchosPartout1885,Quotidien,Grande presse,Simplice,Simplice,Échos de partout,Le Phare de la Loire,1885-08-09,465,2,,,,France,https://www.retronews.fr/journal/le-phare-de-la-loire/9-aout-1885/1761/3050557/2,0.002616,0,1,1
sutter-laumannCompagnonsDecadents1886,sutter-laumannCompagnonsDecadents1886,Quotidien,Grande presse,Sutter-Laumann,Sutter-Laumann,Compagnons et Décadents,La Justice,1886-10-21,903,2,,,,France,https://www.retronews.fr/journal/la-justice-1880-1976/21-octobre-1886/61/960669/2,0.002894,1,0,1
sutter-laumannParisAilleursDeliquescences1885,sutter-laumannParisAilleursDeliquescences1885,Quotidien,Grande presse,Sutter-Laumann,Sutter-Laumann,"À Paris & Ailleurs. Les ""Déliquescences""",La Justice,1885-07-19,444,2,,,,France,https://www.retronews.fr/journal/la-justice-1880-1976/19-juillet-1885/61/946403/2,0.002616,0,1,1
sutter-laumannRevueLitteraire1886a,sutter-laumannRevueLitteraire1886a,Quotidien,Grande presse,Sutter-Laumann,Sutter-Laumann,Revue littéraire,La Justice,1886-10-05,887,2,,,,France,https://gallica.bnf.fr/ark:/12148/bpt6k771701x/f2.item.zoom,0.002616,0,1,1
sutter-laumannRevueLitteraireDecadents1886,sutter-laumannRevueLitteraireDecadents1886,Quotidien,Grande presse,Sutter-Laumann,Sutter-Laumann,Revue littéraire: Les Décadents (2e article),La Justice,1886-09-20,872,2,,,,France,https://www.retronews.fr/journal/la-justice-1880-1976/20-septembre-1886/61/955611/2,0.005951,6,5,11
sutter-laumannRevueLitteraireDecadents1886a,sutter-laumannRevueLitteraireDecadents1886a,Quotidien,Grande presse,Sutter-Laumann,Sutter-Laumann,Revue littéraire: Les Décadents (1er article),La Justice,1886-09-13,865,2,,,,France,https://www.retronews.fr/journal/la-justice-1880-1976/13-septembre-1886/61/946809/2,0.010217,5,2,7
Symbolisme1886,Symbolisme1886,Hebdomadaire,Petite presse,,,Le Symbolisme,L'Art Moderne,1886-10-03,885,313-315,40,,,Belgique,http://digitheque.ulb.ac.be/fr/digitheque-revues-litteraires-belges/periodiques-numerises/index.html\#c11373,0.002616,0,1,1
Symbolistes1886,Symbolistes1886,Hebdomadaire,Petite presse,,,Les Symbolistes,L'Art Moderne,1886-10-10,892,323-324,41,,,Belgique,http://digitheque.ulb.ac.be/fr/digitheque-revues-litteraires-belges/periodiques-numerises/index.html#c11373,0.002616,0,11,11
SymbolistesEsoterique1885,SymbolistesEsoterique1885,Hebdomadaire,Petite presse,,,Les Symbolistes ésotérique,L'Art Moderne,1885-08-30,486,278-281,35,,,Belgique,http://digitheque.ulb.ac.be/fr/digitheque-revues-litteraires-belges/periodiques-numerises/index.html\#c11373,0.00555,4,1,5
SymbolistesPremierArticle1885,SymbolistesPremierArticle1885,Hebdomadaire,Petite presse,,,Les Symbolistes (Premier article),L'Art Moderne,1885-08-23,479,269-271,34,,,Belgique,http://digitheque.ulb.ac.be/fr/digitheque-revues-litteraires-belges/periodiques-numerises/index.html\#c11373,0.003493,3,1,4
taporaAdoreFloupette1885,taporaAdoreFloupette1885,Hebdomadaire,Petite presse,"Tapora, Marius","Tapora, Marius",Adoré Floupette,Lutèce,1885-06-14,409,[2-3],177,,,France,https://babel.hathitrust.org/cgi/pt?id=coo.31924101785388&view=1up&seq=552&size=200&q1=symbolique,0.002616,0,1,1
texierChosesAutres1886,texierChosesAutres1886,Quotidien,Grande presse,"Texier, Edmond","Texier, Edmond",Choses et autres,Le Siècle,1886-03-15,683,2,,,,France,https://www.retronews.fr/journal/le-siecle/15-mars-1886/93/932953/2,0.004839,1,0,1
TraiteVerbe1886,TraiteVerbe1886,Bimensuel,Petite presse,,,Le Traité du Verbe,Le Décadent,1886-09-04,856,[2],23,,,France,https://www.retronews.fr/journal/le-decadent-litteraire-artistique/4-septembre-1886/1257/4212125/2,0.002616,0,1,1
TraversJournaux1885,TraversJournaux1885,Quotidien,Grande presse,,,À travers les journaux,Le Siècle,1885-08-08,464,3,,,,France,https://www.retronews.fr/journal/le-siecle/8-aout-1885/93/862719/3,0.002616,0,1,1
trezenikChroniqueLutecienne1885,trezenikChroniqueLutecienne1885,Hebdomadaire,Petite presse,"Trézenik, Léo","Trézenik, Léo",Chronique lutécienne,Lutèce,1885-08-16,472,[1],193,,,France,https://hdl.handle.net/2027/coo.31924101785388?urlappend=%3Bseq=569%3Bownerid=13510798902972517-597,0.004839,1,6,7
trezenikChroniqueLutecienneDecadents1885,trezenikChroniqueLutecienneDecadents1885,Hebdomadaire,Petite presse,"Trézenik, Léo","Trézenik, Léo",Chronique lutécienne: Les Décadents de l'Allitérature,Lutèce,1885-04-19,353,[1],169,,,France,https://hdl.handle.net/2027/mdp.39015022181161?urlappend=%3Bseq=519%3Bownerid=43267981-525,0.002616,0,1,1
trezenikPreface1886,trezenikPreface1886,Livre,Ouvrage,"Trézenik, Léo","Trézenik, Léo",Préface,Proses décadentes,1886-02-01,641,5-10,,Giraud,Paris,France,http://gallica.bnf.fr/ark:/12148/bpt6k1139425,0.002616,0,1,1
trublotMinuitDerniereEcole1886,trublotMinuitDerniereEcole1886,Quotidien,Grande presse,Trublot,Trublot,"À Minuit. La ""dernière"" école. Infusoires littéraires",Le Cri du peuple,1886-09-26,878,3,,,,France,https://www.retronews.fr/journal/le-cri-du-peuple-paris/26-septembre-1886/1433/2793047/3,0.003948,2,3,5
trublotMinuitSymboliste1886,trublotMinuitSymboliste1886,Quotidien,Grande presse,Trublot,Trublot,"À minuit. Le ""Symboliste""",Le Cri du peuple,1886-10-31,913,3,,,,France,https://www.retronews.fr/journal/le-cri-du-peuple-paris/31-octobre-1886/1433/2792975/3,0.002616,0,4,4
v.ArticlesImportantsParus1885,v.ArticlesImportantsParus1885,Mensuel,Petite presse,V.,V.,Articles importants parus dans les périodiques français et étrangers (Juillet — août),La Revue contemporaine,1885-08-01,457,583,,,,France,https://gallica.bnf.fr/ark:/12148/bpt6k329774/f586.item,0.002616,0,5,5
v.DeliquescencesParAdore1885,v.DeliquescencesParAdore1885,Mensuel,Petite presse,V.,V.,"Les Déliquescences, par Adoré Floupette (Chez Léon Vanier)",La Revue contemporaine,1885-06-01,396,266-267,,,,France,https://gallica.bnf.fr/ark:/12148/bpt6k329774/f269.item,0.002616,0,1,1
valletteSymbolistes1886,valletteSymbolistes1886,Bimensuel,Petite presse,"Vallette, Alfred","Vallette, Alfred",Les Symbolistes,Le Scapin,1886-10-16,898,73-81,3,,,France,https://www.retronews.fr/journal/le-scapin/16-octobre-1886/4120/5384636/5,0.002616,0,1,1
VarietesDecadents1885,VarietesDecadents1885,Quotidien,Grande presse,,,Variétés: Les décadents,Mémorial de la Loire et de la Haute-Loire,1885-08-14,470,3,,,,France,https://www.retronews.fr/journal/memorial-de-la-loire-et-de-la-haute-loire/14-aout-1885/231/1749543/3,0.002616,0,1,1
Verbolatres1885,Verbolatres1885,Hebdomadaire,Petite presse,,,Les verbolâtres,L'Art Moderne,1885-08-09,465,253-256,32,,,Belgique,http://digitheque.ulb.ac.be/fr/digitheque-revues-litteraires-belges/periodiques-numerises/index.html\#c11373,0.003493,3,0,3
VerbolatresSecondArticle1885,VerbolatresSecondArticle1885,Hebdomadaire,Petite presse,,,Les verbolâtres (Second article),L'Art Moderne,1885-08-16,472,261-263,33,,,Belgique,http://digitheque.ulb.ac.be/fr/digitheque-revues-litteraires-belges/periodiques-numerises/index.html\#c11373,0.003493,3,0,3
veronCourrierParis1885,veronCourrierParis1885,Hebdomadaire,Grande presse,"Véron, Pierre","Véron, Pierre",Courrier de Paris,Le Monde illustré,1885-05-23,387,346-347,1469,,,France,https://www.retronews.fr/journal/le-monde-illustre/23-mai-1885/189/2907043/2,0.002616,0,1,1
vignierHamlet1886,vignierHamlet1886,Hebdomadaire,Petite presse,"Vignier, Charles","Vignier, Charles",Hamlet,Le Symboliste,1886-10-15,897,6,2,,,France,https://gallica.bnf.fr/ark:/12148/bpt6k122664n/f10.item,0.003172,1,0,1
vignierManiereVoirNotes1886,vignierManiereVoirNotes1886,Mensuel,Petite presse,"Vignier, Charles","Vignier, Charles",Manière de voir (Notes critiques),La Revue moderniste,1886-02-01,641,61-66,11/12,,,France,https://gallica.bnf.fr/ark:/12148/bpt6k114036t/f463.item,0.002616,0,1,1
vignierNotesEsthetiqueSuggestion1885,vignierNotesEsthetiqueSuggestion1885,Mensuel,Petite presse,"Vignier, Charles","Vignier, Charles",Notes d'esthétique: La suggestion en art,La Revue contemporaine,1885-11-01,549,464-476,,,,France,https://hdl.handle.net/2027/mdp.39015012368703?urlappend=%3Bseq=474%3Bownerid=13510798887828000-480,0.006625,4,3,7
virDecadence1886,virDecadence1886,Bimensuel,Petite presse,Vir,Vir,La Décadence,Le Scapin,1886-09-01,853,1-7,1,,,France,https://www.retronews.fr/journal/le-scapin/1-septembre-1886/4120/5384648/3,0.018683,8,0,8
Visionnaires1886,Visionnaires1886,Hebdomadaire,Petite presse,,,Les Visionnaires,L'Art Moderne,1886-10-17,899,329-331,42,,,Belgique,http://digitheque.ulb.ac.be/fr/digitheque-revues-litteraires-belges/periodiques-numerises/index.html\#c11373,0.003172,1,1,2
vouziersPetiteTribune1885,vouziersPetiteTribune1885,Hebdomadaire,Petite presse,"Vouziers, Albert","Vouziers, Albert",Petite tribune,Lutèce,1885-08-30,486,[1],198,,,France,https://babel.hathitrust.org/cgi/pt?id=mdp.39015022181161&seq=575,0.003728,1,2,3
will-furetNouvellesDiversesLouise1886,will-furetNouvellesDiversesLouise1886,Quotidien,Grande presse,Will-Furet,Will-Furet,Nouvelles Diverses. Louise Michel et les Décadents,Le Gaulois,1886-10-21,903,3,,,,France,https://www.retronews.fr/journal/le-gaulois/21-octobre-1886/37/1201151/3,0.002894,1,0,1
wyzewaPessimismeRichardWagner1885,wyzewaPessimismeRichardWagner1885,Mensuel,Petite presse,"Wyzewa, Teodor de","Wyzewa, Teodor de",Le pessimisme de Richard Wagner,Revue wagnérienne,1885-07-08,433,167-170,6,,,France,https://gallica.bnf.fr/ark:/12148/bpt6k19995b/f180.item,0.003408,1,0,1
xAnarchistesDecadents1886,xAnarchistesDecadents1886,Quotidien,Grande presse,X,X,Anarchistes et décadents,La République française,1886-10-24,906,,,,,France,https://www.retronews.fr/journal/la-republique-francaise-1871-1924/24-octobre-1886/655/1857553/1,0.003061,1,0,1
zenon-fierePseudoCatholicismeDansPoesie,zenon-fierePseudoCatholicismeDansPoesie,Mensuel,Presse intermédiaire,Zénon-Fière,Zénon-Fière,"Le Pseudo-Catholicisme dans la poésie contemporaine (Ch. Baudelaire - Paul Verlaine - Ch. Vignier - Rollinat - Ed. Grenier - Tailhade - Jean Moréas - Bouchor - Ch. Morice - Tiercelin, etc.)",Le Monde poétique,1885-04-03,337,49-58,,,,France,https://babel.hathitrust.org/cgi/pt?id=mdp.39015070199784&view=1up&seq=55&q1=z%C3%A9non-fi%C3%A8re,0.003357,1,0,1
zenon-fierePseudoCatholicismeDansPoesiea,zenon-fierePseudoCatholicismeDansPoesiea,Mensuel,Presse intermédiaire,Zénon-Fière,Zénon-Fière,"Le Pseudo-Catholicisme dans la poésie contemporaine (Verlaine - Tailhade - Le Cardonnel - Ch. Morice Rodenbach -  Moréas - S. de Guaita - Tiercelin - Russel, etc.)",Le Monde poétique,1885-04-10,344,145-155,,,,France,https://babel.hathitrust.org/cgi/pt?id=mdp.39015070199784&view=1up&seq=152&q1=z%C3%A9non-fi%C3%A8re,0.003357,1,0,1
